City_ID,City,Country,Date,Lat,Lng,Max Temp,Humidity,Cloudiness,Wind Speed,Current Description
0,Nemuro,JP,2022-04-03 22:30:52,43.3236,145.575,38.46,76,0,16.02,clear sky
1,Saint-Philippe,RE,2022-04-03 22:23:47,-21.3585,55.7679,74.79,90,100,11.03,moderate rain
2,Bluff,NZ,2022-04-03 22:27:42,-46.6,168.3333,56.44,74,99,10.25,overcast clouds
3,Rikitea,PF,2022-04-03 22:25:18,-23.1203,-134.9692,76.8,67,58,10.07,broken clouds
4,Upernavik,GL,2022-04-03 22:25:02,72.7868,-56.1549,15.53,84,65,4.9,broken clouds
5,Ushuaia,AR,2022-04-03 22:24:25,-54.8,-68.3,37.06,87,40,20.71,light rain
6,Mahebourg,MU,2022-04-03 22:30:53,-20.4081,57.7,79.09,83,75,11.5,broken clouds
7,Atasu,KZ,2022-04-03 22:30:53,48.6814,71.6433,35.01,72,100,5.1,overcast clouds
8,Havre-Saint-Pierre,CA,2022-04-03 22:25:57,50.2334,-63.5986,34.16,80,0,12.66,clear sky
9,Longyearbyen,SJ,2022-04-03 22:30:53,78.2186,15.6401,8.44,56,20,21.85,few clouds
10,Acari,PE,2022-04-03 22:30:54,-15.4311,-74.6158,73.42,74,17,5.35,few clouds
11,Port Lincoln,AU,2022-04-03 22:26:35,-34.7333,135.8667,59.77,81,2,2.95,clear sky
12,Matagami,CA,2022-04-03 22:29:17,49.7502,-77.6328,42.91,49,40,14.97,scattered clouds
13,Saint George,US,2022-04-03 22:28:37,37.1041,-113.5841,76.62,19,0,11.01,clear sky
14,Bethel,US,2022-04-03 22:23:03,41.3712,-73.414,42.89,89,100,3.0,overcast clouds
15,Solnechnyy,RU,2022-04-03 22:28:49,50.7214,136.6319,35.17,83,100,8.05,overcast clouds
16,Aykhal,RU,2022-04-03 22:30:54,66.0,111.5,3.02,97,100,8.57,overcast clouds
17,Yellowknife,CA,2022-04-03 22:25:27,62.456,-114.3525,26.42,62,40,18.41,scattered clouds
18,Khatanga,RU,2022-04-03 22:25:29,71.9667,102.5,-32.35,100,99,3.31,overcast clouds
19,Tura,IN,2022-04-03 22:28:57,25.5198,90.2201,68.5,97,21,6.4,few clouds
20,Hithadhoo,MV,2022-04-03 22:25:22,-0.6,73.0833,82.74,70,32,5.48,scattered clouds
21,Jati,PK,2022-04-03 22:30:55,24.3539,68.2671,75.43,66,6,9.8,clear sky
22,Fortuna,US,2022-04-03 22:30:55,40.5982,-124.1573,59.94,67,0,12.66,clear sky
23,New Norfolk,AU,2022-04-03 22:25:23,-42.7826,147.0587,56.91,89,97,1.7,overcast clouds
24,Hamilton,US,2022-04-03 22:24:13,39.1834,-84.5333,58.75,44,40,9.22,scattered clouds
25,Kieta,PG,2022-04-03 22:29:15,-6.2167,155.6333,82.38,76,78,2.46,broken clouds
26,Westport,US,2022-04-03 22:30:55,41.1415,-73.3579,45.01,93,100,1.01,mist
27,Hobart,AU,2022-04-03 22:27:41,-42.8794,147.3294,58.05,93,75,8.05,broken clouds
28,Dashitou,CN,2022-04-03 22:30:56,43.3067,128.5114,45.23,45,0,9.66,clear sky
29,Punta Arenas,CL,2022-04-03 22:23:52,-53.15,-70.9167,42.91,65,20,20.71,few clouds
30,Busselton,AU,2022-04-03 22:25:28,-33.65,115.3333,60.85,82,30,14.2,scattered clouds
31,Keti Bandar,PK,2022-04-03 22:30:56,24.1447,67.4497,77.18,68,15,10.11,few clouds
32,Brigantine,US,2022-04-03 22:30:56,39.4101,-74.3646,53.06,64,20,23.02,few clouds
33,Barrow,US,2022-04-03 22:22:21,71.2906,-156.7887,-5.78,77,0,18.41,clear sky
34,Leningradskiy,RU,2022-04-03 22:29:17,69.3833,178.4167,-11.06,98,91,3.0,overcast clouds
35,Mataura,NZ,2022-04-03 22:25:27,-46.1927,168.8643,54.52,79,95,1.72,overcast clouds
36,Dikson,RU,2022-04-03 22:23:59,73.5069,80.5464,-2.72,99,36,9.33,scattered clouds
37,Srednekolymsk,RU,2022-04-03 22:27:45,67.45,153.6833,-4.92,98,96,2.95,overcast clouds
38,Czluchow,PL,2022-04-03 22:30:57,53.6672,17.3588,34.05,62,94,5.99,light snow
39,Georgetown,MY,2022-04-03 22:29:32,5.4112,100.3354,76.95,93,20,2.3,few clouds
40,Puerto Ayora,EC,2022-04-03 22:26:34,-0.7393,-90.3518,82.36,93,62,10.0,broken clouds
41,Aklavik,CA,2022-04-03 22:30:57,68.2191,-135.0107,-5.1,85,100,11.54,overcast clouds
42,Mashhad,IR,2022-04-03 22:27:58,36.297,59.6062,60.94,39,0,9.22,clear sky
43,Verkhnevilyuysk,RU,2022-04-03 22:26:34,63.4453,120.3167,-6.92,100,94,3.56,overcast clouds
44,Hobyo,SO,2022-04-03 22:25:25,5.3505,48.5268,81.18,75,17,9.08,few clouds
45,Beringovskiy,RU,2022-04-03 22:30:36,63.05,179.3167,0.36,75,32,17.43,scattered clouds
46,Vaini,TO,2022-04-03 22:25:21,-21.2,-175.2,75.36,94,75,4.61,broken clouds
47,Arraial Do Cabo,BR,2022-04-03 22:25:15,-22.9661,-42.0278,76.86,88,40,4.61,scattered clouds
48,Guhagar,IN,2022-04-03 22:30:58,17.4842,73.1929,75.83,83,20,1.54,few clouds
49,Someshwar,IN,2022-04-03 22:30:58,13.5,75.0667,75.06,92,53,1.3,broken clouds
50,Airai,TL,2022-04-03 22:30:58,-8.9266,125.4092,62.44,72,35,1.32,scattered clouds
51,Omboue,GA,2022-04-03 22:30:58,-1.5746,9.2618,77.58,89,91,2.46,overcast clouds
52,Jamestown,US,2022-04-03 22:25:18,42.097,-79.2353,35.19,72,100,13.8,overcast clouds
53,Faanui,PF,2022-04-03 22:26:31,-16.4833,-151.75,82.0,73,70,11.48,broken clouds
54,Lazarev,RU,2022-04-03 22:30:59,52.225,141.5131,33.44,89,96,17.13,overcast clouds
55,Kapaa,US,2022-04-03 22:28:53,22.0752,-159.319,80.58,74,75,19.57,broken clouds
56,Albany,US,2022-04-03 22:21:12,42.6001,-73.9662,40.03,88,100,2.59,light rain
57,Andili,PH,2022-04-03 22:30:59,7.462,125.9701,75.31,90,100,2.26,overcast clouds
58,Victoria,HK,2022-04-03 22:25:17,22.2855,114.1577,65.25,60,0,11.01,clear sky
59,Pisco,PE,2022-04-03 22:30:59,-13.7,-76.2167,69.85,78,0,20.71,clear sky
60,Bredasdorp,ZA,2022-04-03 22:25:34,-34.5322,20.0403,60.49,91,39,0.65,scattered clouds
61,Sidney,AU,2022-04-03 22:28:39,-33.8679,151.2073,68.4,60,0,6.91,clear sky
62,Saldanha,ZA,2022-04-03 22:24:37,-33.0117,17.9442,57.25,81,0,8.37,clear sky
63,Nhulunbuy,AU,2022-04-03 22:31:00,-12.2333,136.7667,79.41,83,64,0.0,broken clouds
64,Norman Wells,CA,2022-04-03 22:27:44,65.282,-126.8329,3.24,55,75,3.44,broken clouds
65,Poninka,UA,2022-04-03 22:31:00,50.1849,27.5363,27.14,90,98,11.48,overcast clouds
66,Chokurdakh,RU,2022-04-03 22:31:00,70.6333,147.9167,-9.35,97,80,3.76,broken clouds
67,Garissa,KE,2022-04-03 22:31:01,-0.4536,39.6401,81.27,69,98,13.38,overcast clouds
68,Tiksi,RU,2022-04-03 22:25:25,71.6872,128.8694,4.59,98,100,7.4,overcast clouds
69,Sitka,US,2022-04-03 22:28:56,57.0531,-135.33,42.69,61,75,18.41,broken clouds
70,Daru,PG,2022-04-03 22:31:01,-9.0763,143.2092,83.3,72,27,6.15,scattered clouds
71,Severo-Kurilsk,RU,2022-04-03 22:25:05,50.6789,156.125,33.3,87,23,11.81,few clouds
72,Ponta Do Sol,PT,2022-04-03 22:27:43,32.6667,-17.1,61.43,78,100,13.8,overcast clouds
73,Provideniya,RU,2022-04-03 22:25:21,64.3833,-173.3,10.51,67,0,13.42,clear sky
74,Sombrerete,MX,2022-04-03 22:31:02,23.6333,-103.65,77.43,9,10,22.95,clear sky
75,Gladstone,AU,2022-04-03 22:28:13,-23.85,151.25,76.93,73,22,6.91,few clouds
76,Ilulissat,GL,2022-04-03 22:27:42,69.2167,-51.1,30.22,74,18,6.91,few clouds
77,Kaitangata,NZ,2022-04-03 22:23:29,-46.2817,169.8464,55.31,75,93,4.99,overcast clouds
78,Praia,CV,2022-04-03 22:28:54,14.9215,-23.5087,70.36,75,33,12.35,scattered clouds
79,Avarua,CK,2022-04-03 22:26:39,-21.2078,-159.775,80.65,83,100,5.75,overcast clouds
80,Berlevag,NO,2022-04-03 22:31:02,70.8578,29.0864,24.6,93,100,19.8,snow
81,Hilo,US,2022-04-03 22:27:48,19.7297,-155.09,75.25,84,100,10.36,light rain
82,Kurumkan,RU,2022-04-03 22:31:02,54.3,110.3,7.9,89,35,4.21,scattered clouds
83,Padang,ID,2022-04-03 22:31:03,-0.9492,100.3543,75.63,83,23,4.45,few clouds
84,Maceio,BR,2022-04-03 22:31:04,-9.6658,-35.7353,78.24,83,40,5.75,scattered clouds
85,Marrakesh,MA,2022-04-03 22:30:01,31.6315,-8.0083,59.07,72,75,6.91,broken clouds
86,Souillac,MU,2022-04-03 22:23:26,-20.5167,57.5167,79.18,83,75,11.5,broken clouds
87,Kloulklubed,PW,2022-04-03 22:29:00,7.0419,134.2556,77.5,78,100,5.68,light rain
88,Cape Town,ZA,2022-04-03 22:26:32,-33.9258,18.4232,62.28,87,20,3.44,few clouds
89,Port Alfred,ZA,2022-04-03 22:26:31,-33.5906,26.891,66.18,93,97,11.72,overcast clouds
90,Salalah,OM,2022-04-03 22:27:40,17.0151,54.0924,78.89,73,20,4.61,few clouds
91,Nishihara,JP,2022-04-03 22:31:04,26.1842,127.7558,63.68,73,0,11.5,clear sky
92,Yar-Sale,RU,2022-04-03 22:27:39,66.8333,70.8333,10.94,90,100,13.35,overcast clouds
93,Mmabatho,ZA,2022-04-03 22:31:05,-25.85,25.6333,58.96,94,100,8.05,light rain
94,Moa,CU,2022-04-03 22:31:05,20.6569,-74.9403,78.28,82,52,6.82,broken clouds
95,Ribeira Grande,PT,2022-04-03 22:28:49,38.5167,-28.7,60.46,78,49,10.07,scattered clouds
96,Bambous Virieux,MU,2022-04-03 22:31:06,-20.3428,57.7575,79.05,83,75,11.5,broken clouds
97,Zhanakorgan,KZ,2022-04-03 22:31:06,43.9098,67.2495,62.94,32,56,6.11,broken clouds
98,Tornio,FI,2022-04-03 22:31:06,65.8481,24.1466,8.62,97,53,3.76,broken clouds
99,Oriximina,BR,2022-04-03 22:30:08,-1.7656,-55.8661,74.59,96,98,2.91,overcast clouds
100,Clyde River,CA,2022-04-03 22:31:07,70.4692,-68.5914,8.83,85,0,6.91,clear sky
101,Saint-Francois,FR,2022-04-03 22:31:07,46.4154,3.9054,36.84,70,0,5.75,clear sky
102,Saint Anthony,US,2022-04-03 22:26:36,45.0205,-93.218,39.13,81,100,11.5,overcast clouds
103,Tiznit,MA,2022-04-03 22:31:07,29.5833,-9.5,58.06,61,21,0.54,few clouds
104,Narsaq,GL,2022-04-03 22:30:18,60.9167,-46.05,41.22,84,100,1.03,overcast clouds
105,Butaritari,KI,2022-04-03 22:23:51,3.0707,172.7902,81.46,70,86,14.74,overcast clouds
106,Kerema,PG,2022-04-03 22:31:08,-7.9631,145.7785,81.59,72,72,3.27,broken clouds
107,Karratha,AU,2022-04-03 22:28:55,-20.7377,116.8463,79.66,70,0,8.21,clear sky
108,Cayenne,GF,2022-04-03 22:27:42,4.9333,-52.3333,80.1,1,100,4.61,overcast clouds
109,Atuona,PF,2022-04-03 22:22:46,-9.8,-139.0333,79.88,72,52,21.45,broken clouds
110,East London,ZA,2022-04-03 22:25:10,-33.0153,27.9116,71.11,88,69,12.5,broken clouds
111,Kamaishi,JP,2022-04-03 22:31:09,39.2667,141.8833,48.38,83,99,7.0,light rain
112,Vardo,NO,2022-04-03 22:25:19,70.3705,31.1107,27.28,68,88,10.69,overcast clouds
113,La Tuque,CA,2022-04-03 22:30:48,47.4334,-72.7824,41.25,42,100,8.05,overcast clouds
114,Qaanaaq,GL,2022-04-03 22:28:52,77.484,-69.3632,12.85,72,72,6.78,broken clouds
115,Neubrandenburg,DE,2022-04-03 22:26:30,53.5667,13.2667,33.93,92,62,12.73,broken clouds
116,Ongandjera,NA,2022-04-03 22:31:10,-17.8833,15.0667,69.48,68,74,4.79,broken clouds
117,Byron Bay,AU,2022-04-03 22:27:53,-28.65,153.6167,65.71,89,97,1.54,light rain
118,Tocopilla,CL,2022-04-03 22:25:20,-22.092,-70.1979,70.03,67,21,9.66,few clouds
119,Kwekwe,ZW,2022-04-03 22:31:10,-18.9281,29.8149,63.0,81,36,1.72,scattered clouds
120,Castro,BR,2022-04-03 22:21:55,-24.7911,-50.0119,65.14,92,80,4.88,broken clouds
121,Mitsamiouli,KM,2022-04-03 22:31:10,-11.3847,43.2844,81.5,74,13,4.03,few clouds
122,Rio Gallegos,AR,2022-04-03 22:31:11,-51.6226,-69.2181,46.45,46,0,25.32,clear sky
123,Saskylakh,RU,2022-04-03 22:28:54,71.9167,114.0833,-6.7,98,100,10.65,overcast clouds
124,Mount Gambier,AU,2022-04-03 22:30:03,-37.8333,140.7667,49.91,100,75,4.61,broken clouds
125,Tuktoyaktuk,CA,2022-04-03 22:31:11,69.4541,-133.0374,-16.6,69,20,5.75,few clouds
126,Cajati,BR,2022-04-03 22:31:12,-24.7361,-48.1228,71.6,95,82,2.53,broken clouds
127,Torbay,CA,2022-04-03 22:21:55,47.6666,-52.7314,38.57,81,40,31.07,scattered clouds
128,Pevek,RU,2022-04-03 22:24:47,69.7008,170.3133,-12.87,92,22,2.28,few clouds
129,Pandan,PH,2022-04-03 22:31:12,14.0453,124.1694,79.07,82,76,14.65,broken clouds
130,Ivanteyevka,RU,2022-04-03 22:31:13,55.9711,37.9208,26.26,93,100,5.5,overcast clouds
131,Sorong,ID,2022-04-03 22:31:13,-0.8833,131.25,79.61,82,100,6.13,overcast clouds
132,Drabiv,UA,2022-04-03 22:31:13,49.963,32.1529,33.08,82,100,12.91,overcast clouds
133,Zhanaozen,KZ,2022-04-03 22:31:14,43.3,52.8,55.83,56,74,9.31,broken clouds
134,Larnaca,CY,2022-04-03 22:29:14,34.9167,33.6292,67.95,36,0,6.91,clear sky
135,Cherskiy,RU,2022-04-03 22:26:18,68.75,161.3,-0.63,93,100,5.1,overcast clouds
136,Nantucket,US,2022-04-03 22:26:50,41.2835,-70.0995,46.51,88,100,8.05,moderate rain
137,Mata,PT,2022-04-03 22:31:14,40.683,-7.4592,37.96,57,11,14.34,few clouds
138,Sola,VU,2022-04-03 22:25:23,-13.8833,167.55,80.08,76,100,11.74,overcast clouds
139,College,US,2022-04-03 22:28:25,64.8569,-147.8028,26.22,56,75,5.75,broken clouds
140,Agua Verde,MX,2022-04-03 22:31:15,22.9,-106.05,77.09,69,9,8.57,clear sky
141,Honningsvag,NO,2022-04-03 22:31:15,70.9821,25.9704,28.15,50,20,11.5,few clouds
142,Stornoway,GB,2022-04-03 22:30:11,58.2093,-6.3865,49.96,94,100,23.02,overcast clouds
143,Kochinda,IN,2022-04-03 22:31:16,21.7333,84.35,71.31,83,7,6.17,clear sky
144,Hermanus,ZA,2022-04-03 22:28:51,-34.4187,19.2345,58.8,90,8,6.93,light rain
145,Catuday,PH,2022-04-03 22:30:38,16.2923,119.8062,78.35,70,84,7.56,broken clouds
146,Husavik,IS,2022-04-03 22:28:51,66.0449,-17.3389,28.53,94,100,11.3,light snow
147,Mar Del Plata,AR,2022-04-03 22:26:16,-38.0023,-57.5575,59.02,63,75,18.01,broken clouds
148,Alofi,NU,2022-04-03 22:31:16,-19.0595,-169.9187,85.89,66,64,5.75,broken clouds
149,Cidreira,BR,2022-04-03 22:27:46,-30.1811,-50.2056,70.16,95,100,18.14,light rain
150,Henderson,US,2022-04-03 22:31:06,36.0397,-114.9819,84.22,21,0,6.91,clear sky
151,Lathrop,US,2022-04-03 22:31:01,37.8227,-121.2766,84.29,18,0,13.8,clear sky
152,Huntington,US,2022-04-03 22:28:54,38.4193,-82.4452,57.38,40,40,10.36,scattered clouds
153,Chapais,CA,2022-04-03 22:31:17,49.7834,-74.8492,38.98,86,100,5.79,overcast clouds
154,Kailua,US,2022-04-03 22:31:17,21.4022,-157.7394,84.18,75,48,8.99,scattered clouds
155,Savannah Bight,HN,2022-04-03 22:31:17,16.45,-85.85,81.0,80,0,16.13,clear sky
156,Port Elizabeth,ZA,2022-04-03 22:27:47,-33.918,25.5701,65.32,87,20,9.22,thunderstorm with rain
157,Nikolskoye,RU,2022-04-03 22:25:06,59.7035,30.7861,28.8,96,34,3.51,scattered clouds
158,Lavrentiya,RU,2022-04-03 22:26:32,65.5833,-171.0,-5.04,84,15,11.83,few clouds
159,Namibe,AO,2022-04-03 22:31:18,-15.1961,12.1522,70.95,79,100,5.73,overcast clouds
160,Bima,ID,2022-04-03 22:31:18,-8.4667,118.7167,75.74,93,89,2.3,overcast clouds
161,Chernyshevskiy,RU,2022-04-03 22:31:19,63.0128,112.4714,8.67,96,100,3.09,light snow
162,Kavaratti,IN,2022-04-03 22:30:06,10.5669,72.642,82.06,71,72,5.99,broken clouds
163,Hofn,IS,2022-04-03 22:26:37,64.2539,-15.2082,35.69,85,100,19.95,light rain
164,Aksarka,RU,2022-04-03 22:28:53,66.5606,67.7975,16.05,85,100,15.46,overcast clouds
165,Hammerfest,NO,2022-04-03 22:27:40,70.6634,23.6821,23.45,80,75,10.36,broken clouds
166,Chuy,UY,2022-04-03 22:31:19,-33.6971,-53.4616,65.75,86,97,6.46,moderate rain
167,Yarmouth,US,2022-04-03 22:31:20,41.7057,-70.2286,46.51,76,100,10.0,moderate rain
168,Pepel,SL,2022-04-03 22:31:20,8.5817,-13.0628,77.5,68,78,6.98,broken clouds
169,Santa Flavia,IT,2022-04-03 22:31:20,38.085,13.5351,53.38,67,100,3.0,overcast clouds
170,Cabo San Lucas,MX,2022-04-03 22:23:29,22.8909,-109.9124,78.62,64,0,10.36,clear sky
171,Kota Belud,MY,2022-04-03 22:31:21,6.351,116.4305,76.73,88,58,2.77,broken clouds
172,Dalbandin,PK,2022-04-03 22:31:21,28.8947,64.4101,71.13,10,1,3.78,clear sky
173,Itoman,JP,2022-04-03 22:30:19,26.1247,127.6694,64.42,71,20,11.5,few clouds
174,Fairlie,GB,2022-04-03 22:31:22,55.756,-4.8556,49.41,92,100,4.0,light rain
175,Vieques,PR,2022-04-03 22:31:22,18.425,-65.8329,82.42,61,20,8.05,few clouds
176,Mehamn,NO,2022-04-03 22:31:22,71.0357,27.8492,24.31,64,97,12.21,light snow
177,Ancud,CL,2022-04-03 22:31:23,-41.8697,-73.8203,50.23,82,91,6.44,overcast clouds
178,Laranjeiras Do Sul,BR,2022-04-03 22:31:23,-25.4078,-52.4161,65.23,92,38,2.35,light rain
179,Kruisfontein,ZA,2022-04-03 22:25:18,-34.0033,24.7314,58.89,81,94,5.44,overcast clouds
180,Atherton,GB,2022-04-03 22:31:23,53.5237,-2.4935,45.43,81,100,1.01,moderate rain
181,Iqaluit,CA,2022-04-03 22:30:13,63.7506,-68.5145,26.33,86,75,3.44,broken clouds
182,Lazaro Cardenas,MX,2022-04-03 22:31:24,17.9583,-102.2,79.72,63,64,10.85,broken clouds
183,Labuhan,ID,2022-04-03 22:29:18,-6.8844,112.2051,76.21,87,100,6.13,overcast clouds
184,Hasaki,JP,2022-04-03 22:31:24,35.7333,140.8333,48.6,76,99,20.83,light rain
185,Waingapu,ID,2022-04-03 22:31:24,-9.6567,120.2641,77.09,80,49,4.29,scattered clouds
186,Benxi,CN,2022-04-03 22:28:47,41.2886,123.765,44.92,75,0,7.45,clear sky
187,Sharjah,AE,2022-04-03 22:31:25,25.3573,55.4033,76.98,64,0,4.61,clear sky
188,Lethem,GY,2022-04-03 22:31:25,3.3803,-59.7968,76.44,84,99,2.73,overcast clouds
189,Tubuala,PA,2022-04-03 22:31:25,9.5167,-79.0333,80.31,83,92,12.3,overcast clouds
190,Lasa,IT,2022-04-03 22:31:25,46.6166,10.7002,36.7,97,99,0.47,light snow
191,Tombouctou,ML,2022-04-03 22:29:19,20.0,-3.0,87.33,12,0,8.32,clear sky
192,Bengkulu,ID,2022-04-03 22:28:46,-3.8004,102.2655,75.96,84,96,4.81,overcast clouds
193,Huarmey,PE,2022-04-03 22:31:26,-10.0681,-78.1522,71.64,81,14,11.3,few clouds
194,Killybegs,IE,2022-04-03 22:31:26,54.6333,-8.45,49.78,97,100,17.76,moderate rain
195,Ossora,RU,2022-04-03 22:31:26,59.2353,163.0719,22.86,74,24,2.55,few clouds
196,Port Blair,IN,2022-04-03 22:31:27,11.6667,92.75,80.58,76,39,8.21,scattered clouds
197,Muisne,EC,2022-04-03 22:30:26,0.6,-80.0333,78.39,84,88,7.23,overcast clouds
198,Nanortalik,GL,2022-04-03 22:25:27,60.1432,-45.2371,35.38,81,95,5.61,overcast clouds
199,Alagoinhas,BR,2022-04-03 22:31:27,-12.1356,-38.4192,72.68,91,8,3.71,clear sky
200,Moindou,NC,2022-04-03 22:31:27,-21.6924,165.677,84.74,72,100,8.39,overcast clouds
201,Haguenau,FR,2022-04-03 22:31:28,48.8156,7.7905,33.4,74,3,1.61,clear sky
202,Qostanay,KZ,2022-04-03 22:31:28,53.1667,63.5833,39.79,81,100,12.8,overcast clouds
203,Pacific Grove,US,2022-04-03 22:29:45,36.6177,-121.9166,71.38,71,20,13.0,few clouds
204,Nabire,ID,2022-04-03 22:31:28,-3.3667,135.4833,79.95,73,45,2.08,scattered clouds
205,Lompoc,US,2022-04-03 22:31:26,34.6391,-120.4579,70.7,80,75,18.41,broken clouds
206,Zhigansk,RU,2022-04-03 22:28:02,66.7697,123.3711,0.3,96,80,9.98,broken clouds
207,Glendive,US,2022-04-03 22:31:28,47.1053,-104.7125,56.82,30,75,16.11,broken clouds
208,Doka,SD,2022-04-03 22:31:29,13.5167,35.7667,89.1,17,22,9.69,few clouds
209,Xingyi,CN,2022-04-03 22:28:51,24.1877,102.817,44.64,83,3,2.71,clear sky
210,Vila Franca Do Campo,PT,2022-04-03 22:27:44,37.7167,-25.4333,57.61,74,17,12.44,few clouds
211,Valdivia,CL,2022-04-03 22:31:29,-39.8142,-73.2459,57.29,86,62,0.34,broken clouds
212,Nouadhibou,MR,2022-04-03 22:25:29,20.931,-17.0347,66.18,88,0,8.05,clear sky
213,Isla Mujeres,MX,2022-04-03 22:31:29,21.2311,-86.731,86.16,75,4,13.78,clear sky
214,Sao Joao Da Barra,BR,2022-04-03 22:31:30,-21.6403,-41.0511,75.81,89,7,7.05,clear sky
215,Luderitz,NA,2022-04-03 22:31:30,-26.6481,15.1594,59.31,86,0,5.41,clear sky
216,Codrington,AU,2022-04-03 22:31:30,-38.2667,141.9667,61.45,73,81,7.02,broken clouds
217,San Patricio,US,2022-04-03 22:31:30,28.017,-97.5169,85.15,56,0,15.35,clear sky
218,Alice Springs,AU,2022-04-03 22:31:31,-23.7,133.8833,54.95,54,0,2.3,clear sky
219,Karaton,ID,2022-04-03 22:31:31,-6.3424,106.1045,72.86,94,99,3.02,overcast clouds
220,Ayan,RU,2022-04-03 22:31:31,56.45,138.1667,26.02,94,100,19.06,snow
221,Carnarvon,AU,2022-04-03 22:25:05,-24.8667,113.6333,75.27,88,2,6.91,clear sky
222,Lensk,RU,2022-04-03 22:28:50,60.7253,114.9278,12.72,93,100,8.03,overcast clouds
223,Stephenville,US,2022-04-03 22:31:32,32.2207,-98.2023,87.17,28,0,14.0,clear sky
224,Angoche,MZ,2022-04-03 22:31:32,-16.2325,39.9086,77.16,80,1,2.62,clear sky
225,Douglas,US,2022-04-03 22:31:32,41.3,-96.167,62.31,51,0,11.5,clear sky
226,Vanavara,RU,2022-04-03 22:31:32,60.34,102.2797,-3.37,100,43,3.36,scattered clouds
227,Kysyl-Syr,RU,2022-04-03 22:31:33,63.8986,122.7617,16.77,95,100,5.14,light snow
228,Marsa Matruh,EG,2022-04-03 22:31:33,31.3525,27.2453,59.2,88,0,3.44,clear sky
229,Tarbolton,GB,2022-04-03 22:31:33,55.5129,-4.4865,48.49,100,75,18.41,light rain
230,Dharchula,IN,2022-04-03 22:31:33,29.85,80.5333,59.2,26,5,8.79,clear sky
231,Amahai,ID,2022-04-03 22:31:34,-3.3333,128.9167,80.2,78,88,2.19,overcast clouds
232,Geraldton,AU,2022-04-03 22:31:34,-28.7667,114.6,73.81,78,100,14.97,overcast clouds
233,Wallasey,GB,2022-04-03 22:31:34,53.4232,-3.065,46.98,79,75,12.66,light rain
234,Esperance,AU,2022-04-03 22:27:42,-33.8667,121.9,64.24,91,100,5.28,overcast clouds
235,Los Llanos De Aridane,ES,2022-04-03 22:31:35,28.6585,-17.9182,56.95,94,75,14.97,broken clouds
236,Ust-Ishim,RU,2022-04-03 22:31:35,57.6935,71.1665,35.56,98,100,10.07,overcast clouds
237,Tourlaville,FR,2022-04-03 22:31:35,49.6383,-1.5664,36.82,75,0,10.36,clear sky
238,Cogoleto,IT,2022-04-03 22:31:35,44.3893,8.6429,50.63,81,20,4.61,few clouds
239,Kargil,IN,2022-04-03 22:31:36,34.5667,76.1,20.68,70,14,3.71,few clouds
240,Ruteng,ID,2022-04-03 22:31:36,-8.6136,120.4721,59.34,80,95,1.12,overcast clouds
241,Saint-Augustin,CA,2022-04-03 22:31:36,51.226,-58.6502,34.38,81,77,15.99,broken clouds
242,Aras,ES,2022-04-03 22:31:36,42.5617,-2.356,36.01,60,100,10.36,overcast clouds
243,San Quintin,MX,2022-04-03 22:31:37,30.4833,-115.95,63.05,62,12,14.56,few clouds
244,Pangnirtung,CA,2022-04-03 22:28:51,66.1451,-65.7125,24.26,94,100,2.46,overcast clouds
245,Atlantic City,US,2022-04-03 22:31:37,39.3643,-74.4229,53.04,56,20,23.02,few clouds
246,Tahta,EG,2022-04-03 22:27:24,26.7693,31.5021,80.24,12,100,5.86,overcast clouds
247,Matara,LK,2022-04-03 22:31:37,5.9485,80.5353,76.51,88,48,1.61,scattered clouds
248,San Juan,AR,2022-04-03 22:27:40,-31.5375,-68.5364,67.84,30,14,16.46,few clouds
249,Taoudenni,ML,2022-04-03 22:31:38,22.6783,-3.9836,85.46,10,0,8.41,clear sky
250,Gornopravdinsk,RU,2022-04-03 22:31:38,60.05,69.9,35.51,99,100,10.87,overcast clouds
251,Itarema,BR,2022-04-03 22:31:38,-2.9248,-39.9167,77.43,89,31,9.24,scattered clouds
252,Sao Benedito Do Rio Preto,BR,2022-04-03 22:31:38,-3.3336,-43.5283,74.79,96,81,3.47,broken clouds
253,Road Town,VG,2022-04-03 22:31:39,18.4167,-64.6167,80.69,65,20,6.91,few clouds
254,Vila Velha,BR,2022-04-03 22:28:57,-20.3297,-40.2925,82.35,81,20,6.91,few clouds
255,Marawi,PH,2022-04-03 22:21:45,7.9986,124.2928,67.32,95,88,1.34,overcast clouds
256,Kidal,ML,2022-04-03 22:31:39,18.4411,1.4078,85.93,6,48,4.5,scattered clouds
257,Warri,NG,2022-04-03 22:31:39,5.5167,5.75,78.91,84,97,3.71,overcast clouds
258,Tobane,BW,2022-04-03 22:31:40,-21.95,27.9,77.07,46,93,3.8,overcast clouds
259,Hovd,MN,2022-04-03 22:31:26,48.0056,91.6419,37.47,36,56,6.6,broken clouds
260,Fort Nelson,CA,2022-04-03 22:30:28,58.8053,-122.7002,35.19,48,75,17.27,broken clouds
261,Shingu,JP,2022-04-03 22:31:40,33.7333,135.9833,56.07,74,98,6.13,overcast clouds
262,Ixtapa,MX,2022-04-03 22:31:40,20.7,-105.2,78.03,61,20,12.66,few clouds
263,Kavieng,PG,2022-04-03 22:29:18,-2.5744,150.7967,82.29,73,99,4.68,overcast clouds
264,Imeni Poliny Osipenko,RU,2022-04-03 22:31:41,52.4201,136.4853,36.84,85,100,12.91,overcast clouds
265,Kodiak,US,2022-04-03 22:31:41,57.79,-152.4072,36.91,81,100,9.22,light snow
266,Lorengau,PG,2022-04-03 22:25:28,-2.0226,147.2712,81.14,76,100,1.43,overcast clouds
267,Oussouye,SN,2022-04-03 22:31:41,12.485,-16.5469,71.78,76,87,14.0,overcast clouds
268,Riberalta,BO,2022-04-03 22:31:41,-10.9833,-66.1,80.8,74,75,9.22,broken clouds
269,Aduturai,IN,2022-04-03 22:31:42,11.0147,79.4791,77.25,84,65,2.89,broken clouds
270,Santa Rosa,PH,2022-04-03 22:31:42,14.3122,121.1114,80.02,73,94,13.15,overcast clouds
271,College Place,US,2022-04-03 22:31:42,46.0493,-118.3883,64.22,43,75,11.5,broken clouds
272,Lebu,CL,2022-04-03 22:27:41,-37.6167,-73.65,54.95,70,0,18.77,clear sky
273,Matay,EG,2022-04-03 22:30:10,28.419,30.7792,69.48,22,12,10.85,few clouds
274,Jalu,LY,2022-04-03 22:31:43,29.0331,21.5482,74.64,14,7,11.5,clear sky
275,Effingham,US,2022-04-03 22:31:43,32.3669,-81.3332,77.45,43,0,5.82,clear sky
276,Jiangyou,CN,2022-04-03 22:31:43,31.7667,104.7167,54.12,90,100,4.12,overcast clouds
277,Shelburne,CA,2022-04-03 22:31:43,44.0787,-80.2041,37.76,85,96,11.79,overcast clouds
278,Ulladulla,AU,2022-04-03 22:31:44,-35.35,150.4667,67.1,57,100,8.68,overcast clouds
279,Port Hardy,CA,2022-04-03 22:30:13,50.6996,-127.4199,42.98,81,75,14.97,light intensity shower rain
280,Dunedin,NZ,2022-04-03 22:31:44,-45.8742,170.5036,60.8,61,97,3.0,overcast clouds
281,Lata,PT,2022-04-03 22:31:44,40.1629,-8.3327,41.02,51,8,7.63,clear sky
282,Burnie,AU,2022-04-03 22:31:44,-41.0667,145.9167,63.86,64,43,3.65,scattered clouds
283,Flin Flon,CA,2022-04-03 22:31:45,54.7682,-101.865,35.44,75,75,11.5,broken clouds
284,Khorinsk,RU,2022-04-03 22:31:45,52.1657,109.7726,23.81,81,100,2.86,overcast clouds
285,Bunia,CD,2022-04-03 22:31:45,1.5667,30.25,65.23,88,98,2.86,overcast clouds
286,Kologriv,RU,2022-04-03 22:31:45,58.8275,44.3178,22.62,92,100,7.52,overcast clouds
287,Krasnoselkup,RU,2022-04-03 22:27:45,65.7,82.4667,5.79,95,98,8.66,overcast clouds
288,Abu Samrah,SY,2022-04-03 22:31:46,35.3029,37.1841,58.17,41,93,10.13,overcast clouds
289,Bonavista,CA,2022-04-03 22:27:48,48.6499,-53.1147,35.87,88,99,15.48,overcast clouds
290,Talnakh,RU,2022-04-03 22:28:49,69.4865,88.3972,-0.17,97,84,6.93,broken clouds
291,Pontal Do Parana,BR,2022-04-03 22:31:46,-25.6533,-48.5128,71.98,91,64,1.41,broken clouds
292,Saint-Joseph,RE,2022-04-03 22:31:46,-21.3667,55.6167,73.78,86,100,11.23,light rain
293,Svobodnyy,RU,2022-04-03 22:31:47,51.4,128.1333,36.72,71,99,16.55,overcast clouds
294,Swakopmund,NA,2022-04-03 22:31:02,-22.6833,14.5333,58.98,88,0,1.01,clear sky
295,Christchurch,NZ,2022-04-03 22:28:55,-43.5333,172.6333,63.0,79,100,3.44,overcast clouds
296,Lima,PE,2022-04-03 22:27:28,-12.0432,-77.0282,68.25,73,0,13.8,clear sky
297,Revda,RU,2022-04-03 22:31:47,56.801,59.9303,41.77,92,100,12.17,overcast clouds
298,Iquitos,PE,2022-04-03 22:31:47,-3.7481,-73.2472,78.84,78,75,2.3,broken clouds
299,Maumere,ID,2022-04-03 22:31:48,-8.6199,122.2111,79.12,72,31,3.8,scattered clouds
300,Kennett,US,2022-04-03 22:31:48,36.2362,-90.0556,67.24,35,0,5.99,clear sky
301,Tromso,NO,2022-04-03 22:31:48,69.6496,18.957,23.02,54,0,6.91,clear sky
302,Khasan,RU,2022-04-03 22:31:48,42.4308,130.6434,41.05,76,2,0.6,clear sky
303,Klaksvik,FO,2022-04-03 22:28:37,62.2266,-6.589,43.72,98,100,12.86,overcast clouds
304,Teguise,ES,2022-04-03 22:31:49,29.0605,-13.564,61.02,88,75,14.97,broken clouds
305,Caravelas,BR,2022-04-03 22:31:49,-17.7125,-39.2481,76.73,79,0,5.59,clear sky
306,Crystal Beach,CA,2022-04-03 22:30:42,42.8699,-79.0583,39.92,91,99,8.05,light rain
307,Pochutla,MX,2022-04-03 22:31:49,15.7432,-96.4661,87.82,41,3,8.66,clear sky
308,Port-Gentil,GA,2022-04-03 22:26:36,-0.7193,8.7815,81.25,80,52,5.93,broken clouds
309,Avera,US,2022-04-03 22:31:50,33.194,-82.5271,73.45,44,0,6.49,clear sky
310,Kralendijk,BQ,2022-04-03 22:30:14,12.15,-68.2667,82.38,74,75,23.02,broken clouds
311,Gay,RU,2022-04-03 22:31:50,51.4666,58.4552,45.12,84,100,6.51,overcast clouds
312,Paita,PE,2022-04-03 22:31:50,-5.0892,-81.1144,73.51,80,56,18.92,broken clouds
313,Muskogee,US,2022-04-03 22:30:00,35.5834,-95.3336,79.02,35,20,18.41,few clouds
314,Samarai,PG,2022-04-03 22:31:50,-10.6167,150.6667,82.17,74,75,10.0,broken clouds
315,Shubarkuduk,KZ,2022-04-03 22:31:51,49.1447,56.4872,44.26,70,100,11.1,overcast clouds
316,Kuandian,CN,2022-04-03 22:31:51,40.7286,124.7847,41.02,65,0,3.69,clear sky
317,Abu Dhabi,AE,2022-04-03 22:30:00,24.4667,54.3667,73.96,89,55,2.3,broken clouds
318,Beloha,MG,2022-04-03 22:25:24,-25.1667,45.05,72.03,89,0,10.87,clear sky
319,Hami,CN,2022-04-03 22:31:51,42.8,93.45,50.7,29,0,6.49,clear sky
320,Portland,US,2022-04-03 22:30:28,45.5234,-122.6762,58.62,63,100,11.5,overcast clouds
321,Wasilla,US,2022-04-03 22:27:08,61.5814,-149.4394,43.07,50,0,5.75,clear sky
322,Goba,ET,2022-04-03 22:31:52,7.0167,39.9833,49.86,66,52,4.83,broken clouds
323,Evensk,RU,2022-04-03 22:31:52,61.95,159.2333,13.82,74,23,0.51,few clouds
324,Oksfjord,NO,2022-04-03 22:31:52,70.2396,22.3479,24.87,81,95,4.76,overcast clouds
325,Touros,BR,2022-04-03 22:30:41,-5.1989,-35.4608,77.5,89,100,9.37,overcast clouds
326,Sangueya,GN,2022-04-03 22:31:52,10.7,-14.3667,72.64,79,38,3.6,scattered clouds
327,Nioro,GM,2022-04-03 22:31:53,13.35,-15.75,78.19,39,65,12.35,broken clouds
328,Roald,NO,2022-04-03 22:31:53,62.5833,6.1333,35.91,100,75,3.44,light snow
329,Quatre Cocos,MU,2022-04-03 22:28:53,-20.2078,57.7625,78.91,79,41,10.85,scattered clouds
330,Columbus,US,2022-04-03 22:29:13,39.9612,-82.9988,50.88,50,100,6.91,overcast clouds
331,Kahului,US,2022-04-03 22:27:15,20.8947,-156.47,80.62,69,40,27.63,scattered clouds
332,Shache,CN,2022-04-03 22:27:48,38.4167,77.2406,56.59,22,15,3.53,few clouds
333,Bowen,AU,2022-04-03 22:31:53,-20.0167,148.2333,81.01,74,61,7.05,broken clouds
334,Satipo,PE,2022-04-03 22:30:25,-11.2522,-74.6386,74.71,79,76,1.92,broken clouds
335,Saravan,AM,2022-04-03 22:31:54,39.7196,45.6483,43.84,54,36,4.5,scattered clouds
336,Dong Hoi,VN,2022-04-03 22:31:54,17.4833,106.6,64.69,76,99,11.41,overcast clouds
337,Tucumcari,US,2022-04-03 22:31:54,35.1717,-103.725,75.04,15,0,21.85,clear sky
338,La Reforma,MX,2022-04-03 22:31:54,25.0833,-108.05,74.19,62,30,10.74,scattered clouds
339,Brae,GB,2022-04-03 22:31:55,60.3964,-1.353,46.62,96,100,19.91,overcast clouds
340,Celestun,MX,2022-04-03 22:31:55,20.8667,-90.4,80.78,76,72,12.77,broken clouds
341,Okha,RU,2022-04-03 22:31:55,53.5739,142.9478,36.7,87,81,13.42,broken clouds
342,Phonhong,LA,2022-04-03 22:31:55,18.5007,102.4166,63.97,69,41,1.25,scattered clouds
343,Grindavik,IS,2022-04-03 22:31:56,63.8424,-22.4338,39.15,100,75,11.5,light intensity drizzle
344,Tongliao,CN,2022-04-03 22:31:56,43.6125,122.2653,49.95,35,71,20.15,broken clouds
345,Teruel,ES,2022-04-03 22:31:56,40.6667,-0.6667,23.05,73,50,2.77,scattered clouds
346,Ambanja,MG,2022-04-03 22:31:57,-13.6833,48.45,72.5,95,39,4.03,light rain
347,Sorland,NO,2022-04-03 22:31:57,67.667,12.6934,34.7,76,46,15.9,light snow
348,Marzuq,YE,2022-04-03 22:31:57,14.4,46.4667,67.32,33,2,4.29,clear sky
349,Tautira,PF,2022-04-03 22:30:20,-17.7333,-149.15,82.08,74,35,13.78,scattered clouds
350,Bathsheba,BB,2022-04-03 22:31:57,13.2167,-59.5167,79.41,69,20,16.11,few clouds
351,Jadu,LY,2022-04-03 22:31:58,31.953,12.0261,59.9,50,0,10.6,clear sky
352,Benicarlo,ES,2022-04-03 22:31:58,40.4165,0.4271,45.25,69,89,7.47,overcast clouds
353,Bafata,GW,2022-04-03 22:31:58,12.1667,-14.75,79.93,46,59,5.82,broken clouds
354,Kropotkin,RU,2022-04-03 22:31:58,45.4375,40.5756,48.81,79,98,22.19,overcast clouds
355,Yulara,AU,2022-04-03 22:31:59,-25.2406,130.9889,55.24,41,0,5.75,clear sky
356,Teyateyaneng,LS,2022-04-03 22:31:59,-29.1472,27.7489,55.6,85,100,10.13,overcast clouds
357,Kurchum,KZ,2022-04-03 22:31:59,48.5722,83.6542,34.27,63,1,3.87,clear sky
358,Thinadhoo,MV,2022-04-03 22:25:19,0.5333,72.9333,82.67,65,4,2.93,clear sky
359,Telfs,AT,2022-04-03 22:32:00,47.3,11.0667,33.28,96,99,3.29,overcast clouds
360,Pawa,PH,2022-04-03 22:32:00,13.1747,123.7328,78.19,85,33,8.86,scattered clouds
361,Caceres,ES,2022-04-03 22:32:00,39.522,-6.3748,39.61,55,62,9.89,broken clouds
362,Mareeba,AU,2022-04-03 22:28:54,-17.0,145.4333,77.43,84,14,1.54,few clouds
363,Fairmont,US,2022-04-03 22:28:52,39.4851,-80.1426,46.38,59,99,8.93,overcast clouds
364,Bereznik,RU,2022-04-03 22:32:00,62.8551,42.7072,7.86,98,35,3.65,scattered clouds
365,Kihei,US,2022-04-03 22:32:01,20.785,-156.4656,80.62,72,40,27.63,scattered clouds
366,Raahe,FI,2022-04-03 22:32:01,64.6833,24.4833,10.49,93,83,4.92,broken clouds
367,Ostrovnoy,RU,2022-04-03 22:32:01,68.0531,39.5131,8.92,96,97,6.02,overcast clouds
368,Muborak,UZ,2022-04-03 22:32:02,39.2553,65.1528,64.51,36,1,9.78,clear sky
369,Manitouwadge,CA,2022-04-03 22:32:02,49.1215,-85.8403,33.73,89,100,7.02,overcast clouds
370,Vila,PT,2022-04-03 22:32:02,42.0304,-8.1588,34.68,77,17,5.41,few clouds
371,Flinders,AU,2022-04-03 22:30:10,-34.5833,150.8552,68.25,72,16,7.0,few clouds
372,Auki,SB,2022-04-03 22:32:03,-8.7676,160.7034,79.25,86,100,5.46,overcast clouds
373,Praia Da Vitoria,PT,2022-04-03 22:32:03,38.7333,-27.0667,59.76,88,40,14.12,scattered clouds
374,Amapa,BR,2022-04-03 22:32:03,1.0,-52.0,73.0,99,100,1.86,overcast clouds
375,Prata,BR,2022-04-03 22:32:04,-19.3072,-48.9242,77.77,66,97,3.42,overcast clouds
376,Cariacica,BR,2022-04-03 22:32:04,-20.2639,-40.42,81.79,81,20,6.91,few clouds
377,Trinidad,BO,2022-04-03 22:32:04,-14.8333,-64.9,84.18,65,40,3.44,scattered clouds
378,Pitimbu,BR,2022-04-03 22:32:05,-7.4706,-34.8086,77.59,78,40,11.63,scattered clouds
379,Milkovo,RU,2022-04-03 22:32:05,54.7167,158.6167,23.29,66,20,4.14,few clouds
380,Marathon,US,2022-04-03 22:32:05,44.9,-89.7668,46.18,55,100,6.91,overcast clouds
381,Arlit,NE,2022-04-03 22:27:42,18.7369,7.3853,87.71,6,44,5.61,scattered clouds
382,Sao Jose Da Coroa Grande,BR,2022-04-03 22:32:06,-8.8978,-35.1478,78.49,83,49,9.08,scattered clouds
383,Tigil,RU,2022-04-03 22:32:06,57.8,158.6667,21.94,87,96,8.12,overcast clouds
384,Cockburn Town,TC,2022-04-03 22:32:06,21.4612,-71.1419,80.56,74,40,17.27,scattered clouds
385,Ipora,BR,2022-04-03 22:31:33,-16.4419,-51.1178,76.42,64,62,1.7,broken clouds
386,Kupang,ID,2022-04-03 22:24:59,-10.1667,123.5833,76.23,84,30,1.79,scattered clouds
387,Gardabani,GE,2022-04-03 22:32:07,41.4605,45.0928,64.49,44,91,14.7,overcast clouds
388,Mahon,ES,2022-04-03 22:32:07,39.8885,4.2658,48.76,57,0,17.27,clear sky
389,Mugumu,TZ,2022-04-03 22:32:08,-1.85,34.7,60.28,79,90,4.29,overcast clouds
390,Murmashi,RU,2022-04-03 22:32:08,68.8154,32.8115,1.81,92,0,4.47,clear sky
391,Xinyu,CN,2022-04-03 22:32:09,27.8043,114.9334,53.01,78,43,2.19,scattered clouds
392,Kibre Mengist,ET,2022-04-03 22:28:46,5.8833,38.9833,56.46,69,21,2.62,few clouds
393,Unity,CA,2022-04-03 22:32:09,52.4501,-109.1682,47.34,42,39,12.77,scattered clouds
394,Teguldet,RU,2022-04-03 22:32:09,57.3064,88.1667,17.19,90,100,4.88,overcast clouds
395,Balkhash,KZ,2022-04-03 22:32:10,46.844,74.9804,43.16,65,100,9.48,overcast clouds
396,Tecoanapa,MX,2022-04-03 22:32:10,16.5167,-98.75,83.01,54,30,10.67,scattered clouds
397,Tamiahua,MX,2022-04-03 22:32:11,21.2667,-97.45,78.44,71,78,12.06,broken clouds
398,Leshukonskoye,RU,2022-04-03 22:32:11,64.8989,45.7622,17.58,96,96,4.12,overcast clouds
399,Shimoda,JP,2022-04-03 22:32:11,34.6667,138.95,49.1,90,100,17.98,moderate rain
400,Mporokoso,ZM,2022-04-03 22:32:12,-9.3727,30.125,61.7,93,98,1.03,overcast clouds
401,Zonguldak,TR,2022-04-03 22:32:12,41.25,31.8333,39.87,81,24,5.97,few clouds
402,Dolores,AR,2022-04-03 22:32:12,-36.3132,-57.6792,63.88,65,63,9.01,broken clouds
403,Harer,ET,2022-04-03 22:32:13,9.3094,42.1258,61.95,56,95,4.21,overcast clouds
404,Brasilia De Minas,BR,2022-04-03 22:32:13,-16.2064,-44.4333,72.93,45,4,7.56,light rain
405,Sabya,SA,2022-04-03 22:32:13,17.1495,42.6254,82.02,47,20,5.08,few clouds
406,Kemijarvi,FI,2022-04-03 22:32:14,66.7131,27.4306,13.8,98,92,2.33,overcast clouds
407,Oktyabrskiy,RU,2022-04-03 22:32:14,54.4815,53.471,36.72,100,99,5.88,overcast clouds
408,Kenai,US,2022-04-03 22:32:15,60.5544,-151.2583,43.03,57,75,9.22,broken clouds
409,Kandrian,PG,2022-04-03 22:32:15,-6.2167,149.55,82.0,76,100,3.02,overcast clouds
410,Sajoszoged,HU,2022-04-03 22:32:15,47.95,21.0,32.67,64,99,3.02,overcast clouds
411,Labrea,BR,2022-04-03 22:32:16,-7.2586,-64.7981,76.33,83,26,2.3,scattered clouds
412,Mudu,CN,2022-04-03 22:32:16,31.252,120.5118,46.92,75,75,6.73,broken clouds
413,Taltal,CL,2022-04-03 22:25:23,-25.4,-70.4833,66.72,67,21,5.1,few clouds
414,Fukue,JP,2022-04-03 22:32:17,32.6881,128.8419,56.05,55,0,18.07,clear sky
415,Lagoa,PT,2022-04-03 22:32:17,39.05,-27.9833,59.02,78,15,15.7,few clouds
416,Itapirapua,BR,2022-04-03 22:32:17,-15.8233,-50.6133,78.55,62,55,2.91,broken clouds
417,Kintampo,GH,2022-04-03 22:32:18,8.0563,-1.7306,74.59,76,97,10.71,light rain
418,Atikokan,CA,2022-04-03 22:32:18,48.7555,-91.6216,33.85,90,100,3.18,overcast clouds
419,Orlik,RU,2022-04-03 22:32:18,52.5178,99.825,23.07,90,100,5.17,light snow
420,Meulaboh,ID,2022-04-03 22:30:26,4.1363,96.1285,74.07,85,100,3.58,overcast clouds
421,Haines Junction,CA,2022-04-03 22:32:19,60.7522,-137.5108,39.15,38,100,6.91,overcast clouds
422,Barcelos,PT,2022-04-03 22:32:19,41.5388,-8.6151,48.85,61,64,10.49,broken clouds
423,Yining,CN,2022-04-03 22:31:46,29.0361,114.5636,54.12,78,99,1.45,overcast clouds
424,Atambua,ID,2022-04-03 22:32:19,-9.1061,124.8925,74.28,80,17,2.17,few clouds
425,Ca Mau,VN,2022-04-03 22:28:56,9.1769,105.15,76.44,85,100,8.9,overcast clouds
426,Te Anau,NZ,2022-04-03 22:31:30,-45.4167,167.7167,61.16,40,29,0.94,scattered clouds
427,Marks,RU,2022-04-03 22:32:20,51.7111,46.7486,44.56,90,100,3.94,overcast clouds
428,Kawambwa,ZM,2022-04-03 22:32:20,-9.7915,29.0791,62.4,94,72,1.63,broken clouds
429,Ormara,PK,2022-04-03 22:32:21,25.2088,64.6357,76.84,70,8,4.83,clear sky
430,Raudeberg,NO,2022-04-03 22:32:21,61.9875,5.1352,32.86,94,100,3.6,light snow
431,Gorele,TR,2022-04-03 22:32:21,41.0308,39.0031,51.51,71,100,5.48,overcast clouds
432,Cootehill,IE,2022-04-03 22:32:22,54.0725,-7.0819,48.07,98,100,12.08,overcast clouds
433,Mutare,ZW,2022-04-03 22:32:22,-18.9707,32.6709,63.05,99,59,3.6,broken clouds
434,Vostok,RU,2022-04-03 22:32:22,46.4856,135.8833,39.81,73,0,6.2,clear sky
435,Gayny,RU,2022-04-03 22:32:22,60.3071,54.3241,34.74,100,100,9.89,light snow
436,Dwarka,IN,2022-04-03 22:32:23,22.2394,68.9678,77.49,70,1,10.09,clear sky
437,Mongoumba,CF,2022-04-03 22:32:23,3.6415,18.5936,70.2,98,92,2.95,overcast clouds
438,Soyo,AO,2022-04-03 22:32:23,-6.1349,12.3689,78.26,91,50,4.92,scattered clouds
439,Deputatskiy,RU,2022-04-03 22:32:24,69.3,139.9,-7.62,97,70,1.34,broken clouds
440,Ozark,US,2022-04-03 22:32:24,37.0209,-93.206,68.58,43,99,3.0,overcast clouds
441,Kuantan,MY,2022-04-03 22:32:24,3.8077,103.326,77.11,94,40,2.3,scattered clouds
442,Coolum Beach,AU,2022-04-03 22:32:24,-26.5333,153.1,77.11,88,29,5.7,scattered clouds
443,Mudgee,AU,2022-04-03 22:32:25,-32.5943,149.5871,50.05,100,100,5.75,overcast clouds
444,Storm Lake,US,2022-04-03 22:32:25,42.6411,-95.2097,58.24,42,100,12.21,overcast clouds
445,Vestmannaeyjar,IS,2022-04-03 22:32:25,63.4427,-20.2734,42.87,81,100,15.21,overcast clouds
446,Isangel,VU,2022-04-03 22:32:26,-19.55,169.2667,83.1,76,100,10.11,overcast clouds
447,Finnsnes,NO,2022-04-03 22:32:26,69.2296,17.9811,11.01,85,20,6.46,few clouds
448,Cananeia,BR,2022-04-03 22:32:26,-25.0147,-47.9267,73.24,89,85,1.77,overcast clouds
449,Mwene-Ditu,CD,2022-04-03 22:32:27,-7.0,23.45,65.66,99,100,2.33,moderate rain
450,Telemaco Borba,BR,2022-04-03 22:32:27,-24.3239,-50.6156,65.05,95,42,2.28,scattered clouds
451,Mogadishu,SO,2022-04-03 22:26:16,2.0371,45.3438,81.1,80,66,14.29,broken clouds
452,Kayes,ML,2022-04-03 22:32:27,14.0,-11.0,91.22,14,100,10.92,overcast clouds
453,Tasiilaq,GL,2022-04-03 22:25:28,65.6145,-37.6368,24.96,94,95,6.08,overcast clouds
454,Cruzeiro Do Sul,BR,2022-04-03 22:32:27,-29.5128,-51.9853,70.5,95,100,2.13,overcast clouds
455,Seoul,KR,2022-04-03 22:27:12,37.5683,126.9778,37.0,87,0,3.44,mist
456,Guerrero Negro,MX,2022-04-03 22:26:32,27.9769,-114.0611,65.68,53,16,16.89,few clouds
457,Sibolga,ID,2022-04-03 22:32:28,1.7427,98.7792,74.64,87,96,2.68,overcast clouds
458,Bentiu,SS,2022-04-03 22:32:28,9.2333,29.8333,85.59,44,69,5.57,broken clouds
459,Ashland,US,2022-04-03 22:32:28,40.8167,-82.2665,43.97,74,100,8.99,overcast clouds
460,Omsukchan,RU,2022-04-03 22:32:29,62.5333,155.8,6.53,88,46,2.3,scattered clouds
461,Roma,US,2022-04-03 22:32:29,43.2128,-75.4557,37.54,93,100,11.5,light rain
462,Sambava,MG,2022-04-03 22:32:29,-14.2667,50.1667,74.98,91,100,4.45,overcast clouds
463,Dergachi,RU,2022-04-03 22:32:29,51.2328,48.7659,48.65,84,100,13.18,overcast clouds
464,Tumba,SE,2022-04-03 22:32:30,59.1986,17.8332,35.42,55,100,6.91,overcast clouds
465,Constitucion,CL,2022-04-03 22:30:56,-35.3333,-72.4167,56.98,57,0,17.56,clear sky
466,Riverton,US,2022-04-03 22:28:41,40.5219,-111.9391,63.19,21,0,10.36,clear sky
467,Burgeo,CA,2022-04-03 22:32:30,47.6167,-57.6152,33.08,84,24,18.68,few clouds
468,Payyannur,IN,2022-04-03 22:32:30,12.1,75.2,78.58,89,81,3.58,broken clouds
469,Tawang,IN,2022-04-03 22:32:30,27.5833,91.8667,47.68,95,100,2.33,overcast clouds
470,Launceston,AU,2022-04-03 22:32:31,-41.45,147.1667,63.81,81,40,10.36,scattered clouds
471,San Andres,CO,2022-04-03 22:32:31,12.5847,-81.7006,84.22,74,20,12.66,few clouds
472,Oistins,BB,2022-04-03 22:32:31,13.0667,-59.5333,78.89,69,20,16.11,few clouds
473,Broome,US,2022-04-03 22:32:31,42.2506,-75.833,38.62,74,100,9.22,overcast clouds
474,Cabedelo,BR,2022-04-03 22:27:55,-6.9811,-34.8339,77.67,79,68,12.26,broken clouds
475,Mount Isa,AU,2022-04-03 22:32:32,-20.7333,139.5,74.97,20,77,10.36,broken clouds
476,Sabha,LY,2022-04-03 22:32:32,27.0377,14.4283,77.67,9,0,6.67,clear sky
477,Harper,LR,2022-04-03 22:32:32,4.375,-7.7169,80.37,83,100,10.2,overcast clouds
478,Kalmunai,LK,2022-04-03 22:32:33,7.4167,81.8167,77.79,83,2,3.71,clear sky
479,Saint-Georges,GD,2022-04-03 22:28:16,12.0564,-61.7485,80.28,69,20,24.16,few clouds
480,Atar,MR,2022-04-03 22:32:33,20.5169,-13.0499,72.25,26,0,5.5,clear sky
481,Batemans Bay,AU,2022-04-03 22:32:33,-35.7167,150.1833,64.09,65,100,4.32,overcast clouds
482,Sisimiut,GL,2022-04-03 22:26:30,66.9395,-53.6735,28.81,90,11,5.99,few clouds
483,Pareora,NZ,2022-04-03 22:32:33,-44.4871,171.2132,61.18,97,83,3.53,broken clouds
484,Monrovia,LR,2022-04-03 22:32:34,6.3005,-10.7969,78.57,89,80,6.46,broken clouds
485,Talcahuano,CL,2022-04-03 22:30:15,-36.7167,-73.1167,58.68,67,0,18.41,clear sky
486,Alugan,PH,2022-04-03 22:32:34,12.2188,125.4808,79.83,84,95,13.6,overcast clouds
487,Angoram,PG,2022-04-03 22:32:34,-4.0625,144.0661,79.81,86,99,2.89,overcast clouds
488,Coquimbo,CL,2022-04-03 22:31:28,-29.9533,-71.3436,60.53,88,20,11.5,few clouds
489,Kharsawan,IN,2022-04-03 22:32:35,22.8,85.8333,75.56,67,1,4.45,clear sky
490,Surgut,RU,2022-04-03 22:32:35,61.25,73.4167,28.58,92,100,15.99,overcast clouds
491,Honiara,SB,2022-04-03 22:32:35,-9.4333,159.95,81.86,80,99,5.19,overcast clouds
492,Altay,CN,2022-04-03 22:32:35,47.8667,88.1167,33.8,53,1,8.55,clear sky
493,Suicheng,CN,2022-04-03 22:32:36,33.8963,117.9331,46.42,80,82,7.29,broken clouds
494,Ndele,CF,2022-04-03 22:32:36,8.4109,20.6473,81.52,52,86,9.48,overcast clouds
495,Ngunguru,NZ,2022-04-03 22:32:36,-35.6167,174.5,69.37,72,5,4.52,clear sky
496,Mandali,IQ,2022-04-03 22:32:36,33.7499,45.5541,77.14,17,77,4.56,broken clouds
497,Buala,SB,2022-04-03 22:30:20,-8.145,159.5921,82.4,80,99,8.86,light rain
498,Skelleftea,SE,2022-04-03 22:32:37,64.7507,20.9528,28.99,62,100,2.3,overcast clouds
499,Northam,GB,2022-04-03 22:32:37,51.0333,-4.2167,45.61,74,70,12.12,broken clouds
500,Antalaha,MG,2022-04-03 22:32:37,-14.9003,50.2788,74.79,87,71,5.41,broken clouds
501,Saint-Pierre,RE,2022-04-03 22:30:28,-21.3393,55.4781,74.88,83,100,4.61,overcast clouds
502,Basoko,CD,2022-04-03 22:32:38,1.2391,23.616,72.52,93,80,0.76,broken clouds
503,Ojinaga,MX,2022-04-03 22:32:38,29.5667,-104.4167,92.57,20,0,3.44,clear sky
504,Forestville,US,2022-04-03 22:32:11,38.8451,-76.875,50.95,46,40,21.85,scattered clouds
505,Tuatapere,NZ,2022-04-03 22:30:08,-46.1333,167.6833,58.89,61,47,0.87,scattered clouds
506,Raymondville,US,2022-04-03 22:32:38,26.4815,-97.7831,86.11,60,40,15.01,scattered clouds
507,Katobu,ID,2022-04-03 22:32:38,-4.9408,122.5276,76.37,88,30,2.17,scattered clouds
508,Storforshei,NO,2022-04-03 22:32:39,66.4043,14.5233,24.58,100,75,1.14,broken clouds
509,Morehead,US,2022-04-03 22:32:39,37.2711,-87.1764,62.78,29,0,0.0,clear sky
510,Salvador,SV,2022-04-03 22:28:54,13.8333,-88.9167,80.64,45,11,11.86,few clouds
511,Pedasi,PA,2022-04-03 22:32:39,7.5333,-80.0333,86.07,73,98,3.42,overcast clouds
512,Nova Russas,BR,2022-04-03 22:32:39,-4.7067,-40.5631,73.13,93,67,4.43,broken clouds
513,Detva,SK,2022-04-03 22:32:40,48.5608,19.4195,31.1,81,56,2.46,broken clouds
514,Zholymbet,KZ,2022-04-03 22:32:40,51.7433,71.7122,35.87,83,100,10.38,overcast clouds
515,Grudziadz,PL,2022-04-03 22:32:40,53.4841,18.7537,34.75,57,84,10.16,broken clouds
516,Colesberg,ZA,2022-04-03 22:32:40,-30.72,25.0972,62.15,75,41,11.79,light rain
517,Svetlogorsk,BY,2022-04-03 22:32:41,52.6333,29.7333,24.96,86,99,6.33,overcast clouds
518,San Policarpo,PH,2022-04-03 22:32:41,12.1791,125.5072,80.24,83,95,14.18,overcast clouds
519,Natal,BR,2022-04-03 22:32:35,-5.795,-35.2094,77.22,100,75,4.61,light rain
520,Concepcion Del Uruguay,AR,2022-04-03 22:31:28,-32.4825,-58.2372,64.98,98,100,3.24,overcast clouds
521,Acajutla,SV,2022-04-03 22:32:41,13.5928,-89.8275,84.34,69,20,9.8,few clouds
522,Goderich,CA,2022-04-03 22:32:42,43.7501,-81.7165,36.91,80,41,10.36,scattered clouds
523,Kununurra,AU,2022-04-03 22:29:12,-15.7667,128.7333,66.18,94,18,2.3,few clouds
524,Dingle,PH,2022-04-03 22:25:29,10.9995,122.6711,75.13,87,98,7.18,overcast clouds
525,Mukhen,RU,2022-04-03 22:32:42,48.1,136.1,45.0,57,0,14.38,clear sky
526,Vitry-Le-Francois,FR,2022-04-03 22:32:42,48.7333,4.5833,34.66,89,61,1.99,broken clouds
527,Likhoslavl,RU,2022-04-03 22:32:42,57.1275,35.464,20.25,96,45,3.67,scattered clouds
528,Muromtsevo,RU,2022-04-03 22:32:43,56.3724,75.2418,34.83,99,100,9.57,overcast clouds
529,Richards Bay,ZA,2022-04-03 22:32:43,-28.783,32.0377,75.34,81,99,10.07,overcast clouds
530,Waitara,NZ,2022-04-03 22:32:43,-38.925,174.25,63.0,74,33,3.96,scattered clouds
531,Kargasok,RU,2022-04-03 22:32:08,59.0556,80.8572,23.85,92,100,12.06,overcast clouds
532,Mecca,SA,2022-04-03 22:32:44,21.4267,39.8261,81.63,30,81,4.38,broken clouds
533,Puerto Del Rosario,ES,2022-04-03 22:28:48,28.5004,-13.8627,65.95,82,75,12.66,broken clouds
534,Inuvik,CA,2022-04-03 22:29:14,68.3499,-133.7218,-8.64,64,75,11.5,light snow
535,Pimenta Bueno,BR,2022-04-03 22:32:17,-11.6725,-61.1936,74.77,93,15,1.72,few clouds
536,Grants Pass,US,2022-04-03 22:32:44,42.439,-123.3284,68.18,30,20,6.91,few clouds
537,San Jose,US,2022-04-03 22:30:14,37.3394,-121.895,80.49,36,40,20.71,scattered clouds
538,Chulman,RU,2022-04-03 22:32:44,56.8479,124.9104,11.79,91,97,10.63,overcast clouds
539,Gat,IL,2022-04-03 22:32:45,31.61,34.7642,72.39,47,60,5.19,broken clouds
540,Krasnogorskoye,RU,2022-04-03 22:32:45,52.2953,86.1979,33.89,95,98,2.8,overcast clouds
541,Namatanai,PG,2022-04-03 22:32:45,-3.6667,152.4333,82.89,76,94,4.47,light rain
542,Pak Phanang,TH,2022-04-03 22:32:45,8.3511,100.202,81.07,92,99,5.86,moderate rain
543,Pemangkat,ID,2022-04-03 22:32:46,1.1667,108.9667,77.86,85,59,1.41,broken clouds
544,Vanimo,PG,2022-04-03 22:30:23,-2.6741,141.3028,81.12,80,100,2.86,overcast clouds
545,Udachnyy,RU,2022-04-03 22:32:46,66.4167,112.4,7.45,92,100,9.08,light snow
546,Eregli,TR,2022-04-03 22:32:46,37.5133,34.0467,54.25,40,99,3.78,overcast clouds
547,Businga,CD,2022-04-03 22:32:47,3.3333,20.8833,73.65,77,95,1.45,overcast clouds
548,Tianpeng,CN,2022-04-03 22:32:47,30.9866,103.9393,52.27,95,100,6.93,moderate rain
549,Batagay-Alyta,RU,2022-04-03 22:32:47,67.8006,130.4114,0.73,95,98,1.48,overcast clouds
550,Itaituba,BR,2022-04-03 22:32:47,-4.2761,-55.9836,74.68,96,100,2.1,moderate rain
551,Chagoda,RU,2022-04-03 22:32:48,59.164,35.3285,21.06,98,55,2.98,broken clouds
552,Puerto Cabezas,NI,2022-04-03 22:32:48,14.0351,-83.3888,84.16,74,75,6.91,broken clouds
553,Moba,CN,2022-04-03 22:32:48,33.2288,105.0179,42.48,85,100,2.3,overcast clouds
554,Machico,PT,2022-04-03 22:32:49,32.7,-16.7667,61.43,84,75,27.63,broken clouds
555,Erzin,TR,2022-04-03 22:29:02,36.9559,36.2,56.26,71,70,3.06,broken clouds
556,Okhotsk,RU,2022-04-03 22:32:49,59.3833,143.3,22.12,88,100,11.59,overcast clouds
557,Katsuura,JP,2022-04-03 22:28:50,35.1333,140.3,55.35,88,100,15.97,light rain
558,Rassvet,RU,2022-04-03 22:32:49,46.8333,40.75,47.23,100,89,4.03,overcast clouds
559,Belaya Gora,RU,2022-04-03 22:32:50,68.5333,146.4167,-5.46,98,98,0.94,overcast clouds
560,Kiunga,PG,2022-04-03 22:32:50,-6.1219,141.2906,81.07,76,39,1.48,scattered clouds
561,Harbour Breton,CA,2022-04-03 22:32:50,47.4833,-55.7983,34.66,83,37,23.62,scattered clouds
562,Sao Joao Do Piaui,BR,2022-04-03 22:32:50,-8.3581,-42.2467,81.54,36,65,4.18,broken clouds
563,San Felipe,VE,2022-04-03 22:32:51,10.3399,-68.7425,75.18,86,73,5.7,broken clouds
564,Aguimes,ES,2022-04-03 22:32:51,27.9054,-15.4461,61.43,94,75,6.91,broken clouds
565,Gisborne,NZ,2022-04-03 22:32:51,-38.6533,178.0042,70.66,62,7,2.75,clear sky
566,Helong,CN,2022-04-03 22:27:41,42.5397,128.9972,38.44,56,6,6.2,clear sky
567,Vizinga,RU,2022-04-03 22:32:51,61.0749,50.1031,22.24,94,100,8.48,overcast clouds
568,Dhemaji,IN,2022-04-03 22:32:52,27.4833,94.5833,67.73,93,100,7.81,overcast clouds
569,Whakatane,NZ,2022-04-03 22:32:52,-37.9585,176.9854,74.64,69,10,3.2,clear sky
570,Nueve De Julio,AR,2022-04-03 22:32:15,-35.4444,-60.8831,52.63,47,0,7.25,clear sky
571,Lakselv,NO,2022-04-03 22:29:14,70.0513,24.9718,21.02,79,75,6.91,broken clouds
572,Tirumullaivasal,IN,2022-04-03 22:32:52,11.2333,79.8333,78.94,82,69,6.76,broken clouds
573,Champerico,GT,2022-04-03 22:32:53,14.3,-91.9167,91.94,64,3,13.15,clear sky
574,Novo Aripuana,BR,2022-04-03 22:32:53,-5.1206,-60.3797,74.23,98,100,3.09,overcast clouds
575,Presidencia Roque Saenz Pena,AR,2022-04-03 22:30:17,-26.7852,-60.4388,68.61,97,98,5.84,overcast clouds
576,Belmonte,BR,2022-04-03 22:32:51,-15.8631,-38.8828,77.9,82,3,7.76,clear sky
577,Odoyev,RU,2022-04-03 22:32:53,53.9393,36.6864,25.57,92,100,6.87,overcast clouds
578,Nyurba,RU,2022-04-03 22:32:53,63.2842,118.3319,1.09,100,99,2.3,overcast clouds
579,Tsumeb,NA,2022-04-03 22:32:54,-19.2333,17.7167,63.7,92,100,3.8,overcast clouds
580,Banjar,ID,2022-04-03 22:32:54,-8.19,114.9675,75.85,87,29,3.11,scattered clouds
581,Meoqui,MX,2022-04-03 22:32:54,28.2833,-105.4833,89.08,5,18,5.7,few clouds
582,Ukiah,US,2022-04-03 22:30:01,39.1502,-123.2078,72.45,29,0,5.01,clear sky
583,Margate,GB,2022-04-03 22:27:46,51.3813,1.3862,40.69,64,78,3.0,broken clouds
584,Poum,NC,2022-04-03 22:32:55,-20.2333,164.0167,82.38,81,100,18.66,light rain
585,Khani,GE,2022-04-03 22:32:55,41.9563,42.9566,45.97,96,86,2.82,overcast clouds
586,Benemerito De Las Americas,MX,2022-04-03 22:32:55,16.5167,-90.6439,91.89,40,98,3.02,overcast clouds
587,Puerto Maldonado,PE,2022-04-03 22:32:55,-12.6,-69.1833,75.97,75,3,0.83,clear sky
588,Thompson,CA,2022-04-03 22:25:19,55.7435,-97.8558,41.16,45,75,8.05,broken clouds
589,Thunder Bay,CA,2022-04-03 22:32:56,48.4001,-89.3168,40.98,65,20,9.22,few clouds
590,Tezpur,IN,2022-04-03 22:30:34,26.6333,92.8,69.55,93,86,6.71,overcast clouds
591,Sumbuya,SL,2022-04-03 22:32:56,7.6467,-11.9611,76.62,87,99,1.92,overcast clouds
592,Charters Towers,AU,2022-04-03 22:24:09,-20.1,146.2667,76.59,79,100,7.74,overcast clouds
593,Ambilobe,MG,2022-04-03 22:31:37,-13.2,49.05,72.27,96,92,2.46,light rain
594,Timra,SE,2022-04-03 22:32:56,62.487,17.3257,28.08,86,20,4.61,few clouds
595,Whitehorse,CA,2022-04-03 22:32:57,60.7161,-135.0538,39.02,53,75,18.41,broken clouds
596,Shakawe,BW,2022-04-03 22:32:57,-18.3667,21.85,65.7,94,100,6.29,light rain
597,Belton,US,2022-04-03 22:32:57,38.812,-94.5319,68.56,48,100,9.22,overcast clouds
598,Governador Valadares,BR,2022-04-03 22:32:57,-18.8511,-41.9494,77.23,65,68,1.74,broken clouds
599,Sinnamary,GF,2022-04-03 22:32:58,5.3833,-52.95,77.34,88,76,10.47,broken clouds
600,Sokolo,ML,2022-04-03 22:32:58,14.7328,-6.1219,91.4,12,71,5.97,broken clouds
601,Wuwei,CN,2022-04-03 22:32:58,37.9281,102.6414,47.01,19,100,9.8,overcast clouds
602,Sembe,CG,2022-04-03 22:32:59,1.6481,14.5806,71.31,96,85,1.88,overcast clouds
603,Sao Filipe,CV,2022-04-03 22:25:25,14.8961,-24.4956,71.08,73,14,8.68,few clouds
604,The Valley,AI,2022-04-03 22:32:59,18.217,-63.0578,80.46,69,20,12.66,few clouds
605,Simpang,ID,2022-04-03 22:32:59,-1.2667,104.0833,72.73,97,16,2.42,few clouds
606,Hualmay,PE,2022-04-03 22:32:59,-11.0964,-77.6139,70.7,81,19,10.94,few clouds
607,Pasni,PK,2022-04-03 22:33:00,25.2631,63.471,76.62,67,14,5.21,few clouds
608,Hailin,CN,2022-04-03 22:33:00,44.5833,129.4167,47.05,42,0,15.99,clear sky
609,Nouakchott,MR,2022-04-03 22:26:35,18.0858,-15.9785,64.33,84,2,11.56,clear sky
610,Kaeo,NZ,2022-04-03 22:33:00,-35.1,173.7833,69.33,88,26,4.21,scattered clouds
611,Nizhnevartovsk,RU,2022-04-03 22:31:27,60.9344,76.5531,26.62,93,100,13.42,light snow
612,Pimentel,PE,2022-04-03 22:28:56,-6.8367,-79.9342,77.29,57,0,24.16,clear sky
613,Dhidhdhoo,MV,2022-04-03 22:29:50,6.8833,73.1,83.03,71,6,4.47,clear sky
614,Barguzin,RU,2022-04-03 22:33:01,53.6167,109.6167,14.11,87,81,2.91,broken clouds
615,Bacalar,MX,2022-04-03 22:33:01,18.6667,-88.3833,86.11,66,40,11.5,scattered clouds
616,Kangaatsiaq,GL,2022-04-03 22:33:01,68.3065,-53.4641,18.54,98,17,8.12,few clouds
617,Tuyen Quang,VN,2022-04-03 22:33:01,21.8233,105.2181,57.87,79,0,1.5,clear sky
618,Iskateley,RU,2022-04-03 22:33:02,67.6803,53.1512,13.91,90,100,13.13,overcast clouds
619,Birin,NP,2022-04-03 22:33:02,26.8865,88.0718,58.42,80,36,4.47,scattered clouds
620,Macas,EC,2022-04-03 22:33:02,-2.3167,-78.1167,78.55,65,20,8.05,few clouds
621,Bafra,TR,2022-04-03 22:33:02,41.5678,35.9069,51.26,76,100,6.8,overcast clouds
622,Pori,FI,2022-04-03 22:33:03,61.4833,21.7833,32.07,80,100,5.75,light snow
623,Enid,US,2022-04-03 22:33:03,36.3956,-97.8784,82.02,36,100,17.27,overcast clouds
624,Kibala,TD,2022-04-03 22:33:03,9.1104,18.3463,84.92,47,47,8.48,scattered clouds
625,Ishigaki,JP,2022-04-03 22:30:31,24.3448,124.1572,68.13,73,20,23.02,few clouds
626,Havelock,US,2022-04-03 22:33:04,34.8791,-76.9013,73.38,21,0,13.8,clear sky
627,Rodrigues Alves,BR,2022-04-03 22:33:04,-7.738,-72.6509,79.0,84,82,3.04,broken clouds
628,Nome,US,2022-04-03 22:27:39,64.5011,-165.4064,17.67,49,0,11.5,clear sky
629,Gizo,SB,2022-04-03 22:33:04,-8.103,156.8419,84.27,72,97,9.66,overcast clouds
630,Ozerki,RU,2022-04-03 22:33:04,57.6167,39.8833,17.62,73,0,4.47,clear sky
631,Yumen,CN,2022-04-03 22:33:05,40.2833,97.2,45.0,26,5,9.75,clear sky
632,Denpasar,ID,2022-04-03 22:33:05,-8.65,115.2167,76.71,94,20,3.44,few clouds
633,Garden City,US,2022-04-03 22:30:44,42.3256,-83.331,46.35,62,75,11.5,broken clouds
634,Fare,PF,2022-04-03 22:33:05,-16.7,-151.0167,82.09,70,40,11.86,scattered clouds
635,Malakal,SS,2022-04-03 22:33:05,9.5334,31.6605,87.33,37,74,4.54,broken clouds
636,Pangai,TO,2022-04-03 22:33:06,-19.8,-174.35,82.51,69,75,4.61,broken clouds
637,Abalak,RU,2022-04-03 22:33:06,58.1286,68.5944,36.05,92,100,10.11,overcast clouds
638,Thohoyandou,ZA,2022-04-03 22:33:06,-22.9456,30.485,69.71,61,33,1.45,scattered clouds
639,Goleta,TN,2022-04-03 22:30:55,36.8181,10.305,53.6,71,20,4.61,few clouds
640,Yerbogachen,RU,2022-04-03 22:33:07,61.2767,108.0108,7.23,92,96,7.96,overcast clouds
641,Sringeri,IN,2022-04-03 22:33:07,13.4167,75.25,69.28,99,55,0.6,broken clouds
642,Bandundu,CD,2022-04-03 22:33:07,-3.3167,17.3667,74.17,84,94,1.57,overcast clouds
643,Usinsk,RU,2022-04-03 22:33:07,65.9939,57.5281,20.84,80,100,18.97,overcast clouds
644,Sistranda,NO,2022-04-03 22:33:08,63.7256,8.834,31.96,79,100,6.87,light snow
645,Leiva,CO,2022-04-03 22:33:08,1.9339,-77.3025,66.47,91,91,5.23,moderate rain
646,Nichinan,JP,2022-04-03 22:24:39,31.6,131.3667,46.08,58,0,5.77,clear sky
647,Victor Harbor,AU,2022-04-03 22:33:08,-35.5667,138.6167,61.2,77,19,3.2,few clouds
648,Media Luna,CU,2022-04-03 22:33:09,20.1419,-77.435,81.34,71,18,12.48,few clouds
649,Bilma,NE,2022-04-03 22:26:35,18.6853,12.9164,85.1,5,11,5.23,few clouds
650,Dehloran,IR,2022-04-03 22:33:09,32.6941,47.2679,79.45,16,96,4.97,overcast clouds
651,Xuddur,SO,2022-04-03 22:33:09,4.1213,43.8894,76.66,76,37,13.6,scattered clouds
652,Vagay,RU,2022-04-03 22:33:09,57.9375,69.0217,36.86,91,100,9.78,overcast clouds
653,Dafeng,CN,2022-04-03 22:33:10,23.4517,108.5881,59.13,63,0,1.5,clear sky
654,Zhezkazgan,KZ,2022-04-03 22:33:10,47.8043,67.7144,48.38,50,52,9.24,broken clouds
655,Cukai,MY,2022-04-03 22:33:10,4.25,103.4167,75.15,90,92,3.44,overcast clouds
656,Hounde,BF,2022-04-03 22:33:10,11.5,-3.5167,88.21,41,100,6.46,overcast clouds
657,Havoysund,NO,2022-04-03 22:33:11,70.9963,24.6622,28.63,58,100,14.36,light snow
658,Werda,BW,2022-04-03 22:33:11,-25.2667,23.2833,66.13,85,76,10.36,broken clouds
659,Isiro,CD,2022-04-03 22:29:18,2.7739,27.616,66.29,99,61,0.94,light rain
660,Coahuayana,MX,2022-04-03 22:33:11,18.7333,-103.6833,81.81,55,64,6.64,broken clouds
661,Muros,ES,2022-04-03 22:26:38,42.7762,-9.0603,46.09,60,0,21.61,clear sky
662,Mitu,CO,2022-04-03 22:33:12,1.1983,-70.1733,73.65,95,74,1.25,broken clouds
663,Klyuchi,RU,2022-04-03 22:33:12,52.2667,79.1667,37.42,80,99,7.47,overcast clouds
664,Grand Gaube,MU,2022-04-03 22:26:35,-20.0064,57.6608,79.2,83,24,3.0,few clouds
